<?xml version="1.0" encoding="UTF-8"?>
<configuration scan="true" scanPeriod="10 seconds">
    <appender name="STDOUT" class="ch.qos.logback.core.ConsoleAppender">
        <encoder>
            <pattern>%d{yyyy:MM:dd HH:mm:ss.SSS} %-5level --- [%thread] %logger{35} : %msg %n</pattern>
        </encoder>
    </appender>

    <logger name="org.springframework" level="INFO"/>
    <logger name="org.hibernate" level="INFO" />
    <logger name="org.hibernate.SQL" level="DEBUG" />
    <logger name="dev.example.gift" level="DEBUG"/>

    <root level="INFO">
        <appender-ref ref="STDOUT"/>
    </root>
</configuration>